<?xml version='1.0' encoding='utf-8' standalone='yes' ?>
<map>
    <boolean name="namespaceSharedPreferences" value="false" />
    <string name="project-settings-plan-wSgiSNwwTtjusY4M1GugEJ3I3kBxgBvU">{&quot;_lastModified&quot;:&quot;2025-09-11T04:47:25.513Z&quot;,&quot;integrations&quot;:{&quot;Amazon S3&quot;:{&quot;versionSettings&quot;:{&quot;componentTypes&quot;:[]}},&quot;Singular&quot;:{&quot;apiKey&quot;:&quot;crunchyrollinc_e8c79ab9&quot;,&quot;secret&quot;:&quot;aeb4fd44e51ee8d80a6266427e09b125&quot;,&quot;versionSettings&quot;:{&quot;componentTypes&quot;:[&quot;ios&quot;,&quot;android&quot;,&quot;server&quot;]},&quot;type&quot;:&quot;ios&quot;},&quot;Actions Google Analytic 4&quot;:{&quot;versionSettings&quot;:{&quot;componentTypes&quot;:[]}},&quot;Mixpanel (Actions)&quot;:{&quot;versionSettings&quot;:{&quot;componentTypes&quot;:[]}},&quot;Braze Cloud Mode (Actions)&quot;:{&quot;versionSettings&quot;:{&quot;componentTypes&quot;:[&quot;server&quot;]},&quot;type&quot;:&quot;server&quot;},&quot;Segment.io&quot;:{&quot;apiKey&quot;:&quot;wSgiSNwwTtjusY4M1GugEJ3I3kBxgBvU&quot;,&quot;unbundledIntegrations&quot;:[&quot;Mixpanel&quot;,&quot;Google Analytics&quot;],&quot;addBundledMetadata&quot;:true,&quot;maybeBundledConfigIds&quot;:{&quot;Singular&quot;:[&quot;60b0bb4d1f42e4c53a6dfc29&quot;]},&quot;versionSettings&quot;:{&quot;version&quot;:&quot;4.4.7&quot;,&quot;componentTypes&quot;:[&quot;browser&quot;]}}},&quot;plan&quot;:{&quot;track&quot;:{&quot;__default&quot;:{&quot;enabled&quot;:true,&quot;integrations&quot;:{}}},&quot;identify&quot;:{&quot;__default&quot;:{&quot;enabled&quot;:true}},&quot;group&quot;:{&quot;__default&quot;:{&quot;enabled&quot;:true}}},&quot;edgeFunction&quot;:{},&quot;analyticsNextEnabled&quot;:true,&quot;middlewareSettings&quot;:{},&quot;enabledMiddleware&quot;:{},&quot;metrics&quot;:{&quot;sampleRate&quot;:0.1},&quot;legacyVideoPluginsEnabled&quot;:false,&quot;remotePlugins&quot;:[{&quot;name&quot;:&quot;Braze Cloud Mode (Actions)&quot;,&quot;creationName&quot;:&quot;Braze Cloud Mode (Actions)&quot;,&quot;libraryName&quot;:&quot;braze-cloud-pluginsDestination&quot;,&quot;url&quot;:&quot;https://cdn.segment.com/next-integrations/actions/braze-cloud-plugins/8244bd5de54317386ec5.js&quot;,&quot;settings&quot;:{&quot;versionSettings&quot;:{&quot;componentTypes&quot;:[&quot;server&quot;]},&quot;type&quot;:&quot;server&quot;,&quot;subscriptions&quot;:[]}}],&quot;autoInstrumentationSettings&quot;:{&quot;disableTraffic&quot;:false,&quot;sampleRate&quot;:0.0},&quot;timestamp&quot;:1757751485891}</string>
    <string name="device.id">010653144e8943db71a5d1b4bd286db987b454d0edf5a481953bc13d2e582efa</string>
    <int name="build" value="934" />
    <string name="version">3.86.3</string>
    <string name="traits-wSgiSNwwTtjusY4M1GugEJ3I3kBxgBvU">{&quot;pushNotificationAndroid&quot;:&quot;disabled&quot;,&quot;anonymousId&quot;:&quot;e392ff60-17dc-4557-a5d4-b736ca5dbd87&quot;,&quot;subscriber_key&quot;:&quot;98727f1d7e043344b055ba8634b67476abf949fa308631226fea481040dbb81e&quot;,&quot;syncUsingCellular&quot;:false,&quot;userId&quot;:&quot;d13556f3-f20c-574b-a3aa-b255b93a64ef&quot;,&quot;subStatus&quot;:&quot;Mega Fan&quot;,&quot;createdAt&quot;:&quot;2024-10-03T16:14:46+0000&quot;,&quot;phoneNumber&quot;:&quot;&quot;,&quot;pushNotificationOptOut&quot;:&quot;&quot;,&quot;externalUserId&quot;:&quot;1199093342&quot;,&quot;profileId&quot;:&quot;d13556f3-f20c-574b-a3aa-b255b93a64ef&quot;,&quot;email&quot;:&quot;modbyjuris@gmail.com&quot;,&quot;username&quot;:&quot;&quot;}</string>
</map>
