<?xml version='1.0' encoding='utf-8' standalone='yes' ?>
<map>
    <string name="bnc_push_identifier">bnc_no_value</string>
    <string name="bnc_google_play_install_referrer_extras">bnc_no_value</string>
    <string name="bnc_initial_referrer">bnc_no_value</string>
    <boolean name="bnc_is_full_app_conversion" value="false" />
    <string name="bnc_link_click_id">bnc_no_value</string>
    <string name="bnc_external_intent_extra">bnc_no_value</string>
    <string name="bnc_randomized_device_token">1495592871737506273</string>
    <long name="bnc_last_known_update_time" value="1757815338587" />
    <string name="bnc_user_url">https://app.iwanttfc.com/a/key_live_cfIGZykgBNcEaH2dJ08OzmdcuxkeLvWc?%24randomized_bundle_token=1495592871771108723</string>
    <string name="bnc_session_params">bnc_no_value</string>
    <long name="bnc_original_install_time" value="1757815338587" />
    <string name="bnc_branch_key">key_live_cfIGZykgBNcEaH2dJ08OzmdcuxkeLvWc</string>
    <string name="bnc_session_id">1495592871771060721</string>
    <string name="bnc_app_store_source">PlayStore</string>
    <string name="bnc_link_click_identifier">bnc_no_value</string>
    <string name="skip_url_format_key">{&quot;version&quot;:2,&quot;uri_skip_list&quot;:[&quot;^fb\\d+:((?!campaign_ids).)*$&quot;,&quot;^li\\d+:&quot;,&quot;^pdk\\d+:&quot;,&quot;^twitterkit-.*:&quot;,&quot;^com\\.googleusercontent\\.apps\\.\\d+-.*:\\\/oauth&quot;,&quot;^(?i).+:.*[?].*\\b(password|o?auth|o?auth.?token|access|access.?token)\\b&quot;]}</string>
    <string name="bnc_anon_id">b681a8a9-12c0-4567-81e4-c95ebcf15bce</string>
    <string name="bnc_app_link">bnc_no_value</string>
    <string name="bnc_randomly_generated_uuid">e94dafd9-df2d-41ca-b850-00ced777ac6a</string>
    <string name="bnc_app_version">1.0</string>
    <string name="bnc_google_search_install_identifier">bnc_no_value</string>
    <string name="bnc_randomized_bundle_token">1495592871771108723</string>
    <long name="bnc_previous_update_time" value="1757815338587" />
    <string name="bnc_install_referrer">bnc_no_value</string>
</map>
