<?xml version='1.0' encoding='utf-8' standalone='yes' ?>
<map>
    <long name="time_active" value="2855" />
    <long name="last_upload" value="1757585361397" />
    <long name="first_open_time" value="1757585361342" />
    <string name="gmp_app_id">1:484286080282:android:7eb516d49bb4ad11</string>
    <string name="app_instance_id">8aacc1cb061923525d8e155ff101e21d</string>
    <boolean name="has_been_opened" value="true" />
    <boolean name="use_dynamite_api" value="false" />
    <boolean name="app_backgrounded" value="true" />
    <boolean name="allow_remote_dynamite" value="false" />
    <boolean name="use_service" value="true" />
    <long name="last_pause_time" value="1757585425923" />
    <boolean name="start_new_session" value="true" />
</map>
