<?xml version='1.0' encoding='utf-8' standalone='yes' ?>
<map>
    <long name="fire-count" value="1" />
    <string name="last-used-date">2025-09-12</string>
    <long name="fire-global" value="1757657102605" />
    <set name="kotlin/2.0.21 android-min-sdk/26 fire-installations/18.0.0 fire-analytics/21.3.0 device-brand/Redmi fire-android/35 device-name/manet device-model/manet fire-core/21.0.0 android-installer/com.miui.packageinstaller fire-iid/20.1.6 fire-core-ktx/21.0.0 fire-cls-ndk/19.4.4 android-platform/ fire-sessions/2.1.2 fire-cls/19.4.4 android-target-sdk/35 fire-fcm/20.1.6 fire-transport/19.0.0">
        <string>2025-09-12</string>
    </set>
</map>
