<?xml version='1.0' encoding='utf-8' standalone='yes' ?>
<map>
    <long name="fire-count" value="1" />
    <string name="last-used-date">2025-09-13</string>
    <long name="fire-global" value="1757750933575" />
    <set name="kotlin/2.0.21 android-min-sdk/26 fire-cls/18.6.4 fire-analytics/21.3.0 device-brand/Redmi fire-sessions/1.2.4 fire-cls-ndk/18.6.4 fire-core-ktx/20.4.2 fire-core/20.4.2 fire-android/35 device-name/manet device-model/manet android-installer/com.miui.packageinstaller fire-iid/20.1.6 fire-installations/17.2.0 android-platform/ fire-transport/18.1.8 android-target-sdk/35 fire-fcm/20.1.6">
        <string>2025-09-13</string>
    </set>
</map>
