<?xml version='1.0' encoding='utf-8' standalone='yes' ?>
<map>
    <boolean name="has_registered_for_verification" value="false" />
    <set name="sent_activity_list">
        <string>com.absi.tfctv.LaunchScreenActivity</string>
        <string>com.absi.tfctv.MainActivity</string>
    </set>
    <string name="user_session">{&quot;session_id&quot;:&quot;b68dbc15-f7de-4107-b707-1d19051dc96b&quot;,&quot;start_time&quot;:&quot;2025-09-14T02:02:33.471Z&quot;,&quot;last_interaction_time&quot;:1757815409935}</string>
    <string name="APP_UUID">58de3587-5933-4d14-9487-06ef50c696e5</string>
    <boolean name="is_device_registered" value="true" />
    <long name="last_config_sync_time" value="1757815353795" />
</map>
