<?xml version='1.0' encoding='utf-8' standalone='yes' ?>
<map>
    <boolean name="has_registered_for_verification" value="false" />
    <set name="sent_activity_list">
        <string>com.absi.tfctv.LaunchScreenActivity</string>
        <string>com.absi.tfctv.MainActivity</string>
    </set>
    <string name="user_session">{&quot;session_id&quot;:&quot;5a8b0cf3-a0bf-4a34-b50b-b1bc184f0c30&quot;,&quot;start_time&quot;:&quot;2025-09-13T15:06:24.923Z&quot;,&quot;last_interaction_time&quot;:1757776057554}</string>
    <string name="APP_UUID">612b6f58-f83e-41ca-9e57-f7cc20184bf9</string>
    <boolean name="is_device_registered" value="true" />
    <long name="last_config_sync_time" value="1757775985263" />
</map>
