{"Fid":"f5_q2HY4SNi2Y4eZxlsX7C","Status":3,"RefreshToken":"3_AS3qfwLZQW0rzUDmzAVn-pbJklhneD8Nns2b9XmsSNEu2TWLqqUvlz5ZUVJpnVYRmb0jEVE-tBpS-z5m5GxkfBJ9h386ZEqPxfyh0Q-JAHM9WFQ","AuthToken":"eyJhbGciOiJFUzI1NiIsInR5cCI6IkpXVCJ9.eyJhcHBJZCI6IjE6MzY3MjY5MDA4OTg2OmFuZHJvaWQ6NzliMWNhNTQ5NTQxMTEyNCIsImV4cCI6MTc1ODM1NzI3NiwiZmlkIjoiZjVfcTJIWTRTTmkyWTRlWnhsc1g3QyIsInByb2plY3ROdW1iZXIiOjM2NzI2OTAwODk4Nn0.AB2LPV8wRQIhAOsTidSd9xUD35DRxOngJvtQdDr-Sje5jeVgr_CMjpbnAiAOKz6bHnFvg1Vqsn8M-Wv8NYKHO5K2kuTqHVLm0vtg0A","TokenCreationEpochInSecs":1757752476,"ExpiresInSecs":604800}