{"Fid":"c0pYZYeFSpuf_wB_wnWtyb","Status":3,"RefreshToken":"3_AS3qfwJ1ZlpV8HF5j3V2RpZlFMjspOG7QjBlyru1GYjRmhES543tNsNwgOwe2KxyZdWcyw5jTgqmbGdxmQ0_zHRrxjgItAn0hXR9kJAksWV9Y4k","AuthToken":"eyJhbGciOiJFUzI1NiIsInR5cCI6IkpXVCJ9.eyJhcHBJZCI6IjE6MzY3MjY5MDA4OTg2OmFuZHJvaWQ6NzliMWNhNTQ5NTQxMTEyNCIsImV4cCI6MTc1ODM1NTczNCwiZmlkIjoiYzBwWVpZZUZTcHVmX3dCX3duV3R5YiIsInByb2plY3ROdW1iZXIiOjM2NzI2OTAwODk4Nn0.AB2LPV8wRAIgXyK27OHgLZS_7ZiQu8jOs-e1EUxKUsePnC6jkkvOMEMCIDNDwEiWIqT1dmaErosxXjonLL1-CMIHgv_uVgIhxjbY","TokenCreationEpochInSecs":1757750934,"ExpiresInSecs":604800}