{"Fid":"f-Nhpn2WSmyu-Q4XrfzdT-","Status":3,"RefreshToken":"3_AS3qfwLdWsIeV3kdeDNkRzwFJiz7YcC2C75s32m8TD77uuVuDVlk67UeOGaRD1ScjaEIXD4Ct28jP3S2F0YEFbBSSqYPmirVaZ_FEkd1SFIQXDg","AuthToken":"eyJhbGciOiJFUzI1NiIsInR5cCI6IkpXVCJ9.eyJhcHBJZCI6IjE6MzY3MjY5MDA4OTg2OmFuZHJvaWQ6NzliMWNhNTQ5NTQxMTEyNCIsImV4cCI6MTc1ODI2MTkwMywiZmlkIjoiZi1OaHBuMldTbXl1LVE0WHJmemRULSIsInByb2plY3ROdW1iZXIiOjM2NzI2OTAwODk4Nn0.AB2LPV8wRQIhAOwouSOPnWFi73chszGIWGw0MPMzDwltwOWawiMuXLvvAiAcnIV6wRtWP-1IWdxxvyJm9tLf3xHsyPWw3s3MKJw-gQ","TokenCreationEpochInSecs":1757657103,"ExpiresInSecs":604800}