{"Fid":"cMS5LkRQST-NBmmt877rGb","Status":3,"RefreshToken":"3_AS3qfwL3x6WoSSJ1XNB431aeOYCigWBLvuH2OyR_MucXd92DOs6qpYdQJTQSrOef7Ph1D8PN0mA10kgzA-VEhBwNMppHI0MZJ3QGz073ni2O4FY","AuthToken":"eyJhbGciOiJFUzI1NiIsInR5cCI6IkpXVCJ9.eyJhcHBJZCI6IjE6MzY3MjY5MDA4OTg2OmFuZHJvaWQ6NzliMWNhNTQ5NTQxMTEyNCIsImV4cCI6MTc1ODM1NjI4NSwiZmlkIjoiY01TNUxrUlFTVC1OQm1tdDg3N3JHYiIsInByb2plY3ROdW1iZXIiOjM2NzI2OTAwODk4Nn0.AB2LPV8wRgIhAP9_u6DOWIzzeHdGuUFrmGV-PkR9s0sNndTnqSE5786MAiEAjY6TI8ly5k3IeSkjid1K1rSXolxNwPiDEyyiD_NdJ0E","TokenCreationEpochInSecs":1757751485,"ExpiresInSecs":604800}